Id, Name, Phone Number, Email
1, John Doe, 5551234567, johndoe@example.com
2, Jane Smith, 5552345678, janesmith@example.com
3, Emily Johnson, 5553456789, emilyj@example.com
4, Michael Brown, 5554567890, michaelbrown@example.com
5, Sarah Davis, 5555678901, sarahdavis@example.com
6, David Williams, 5556789012, davidwilliams@example.com
7, Emma Taylor, 5557890123, emmataylor@example.com
8, James Martinez, 5558901234, jamesmartinez@example.com
9, Olivia Anderson, 5559012345, oliviaanderson@example.com
10, Daniel Wilson, 5550123456, danielwilson@example.com
